<?xml version="1.0" encoding="UTF-8"?>
<!DOCTYPE suite SYSTEM "http://testng.org/testng-1.0.dtd">
<suite name="Suite">
  <test name="Test">
    <classes>
<!--      <class name="utilities.SuiteBase"/> -->
      <class name="utilities.Runner"/>
    </classes>
  </test> <!-- Test -->
</suite> <!-- Suite -->



<!-- <?xml version="1.0" encoding="UTF-8"?>
<!DOCTYPE suite SYSTEM "http://testng.org/testng-1.0.dtd">
<suite name="Suite" parallel="tests">
<test name="ChromeTest">
<parameter name="browser" value="Chrome" />
<classes>
<class name="utilities.Runner.java">
</class>
</classes>
</test>
<test name="FirefoxTest">
<parameter name="browser" value="Firefox" />
<classes>
<class name="utilities.Runner.java">
</class>
</classes>
</test>
</suite>  Suite -->
